imagem,fator_luminancia,deteccoes_validas,confianca_media
20260411_095437.jpg,0.1,0,0.0
20260411_095437.jpg,0.2,0,0.0
20260411_095437.jpg,0.3,0,0.0
20260411_095437.jpg,0.4,0,0.0
20260411_095437.jpg,0.5,1,0.2901
20260411_095437.jpg,0.6,1,0.3241
20260411_095437.jpg,0.7,1,0.369
20260411_095437.jpg,0.8,2,0.3339
20260411_095437.jpg,0.9,3,0.3205
20260411_095437.jpg,1.0,4,0.3042
20260411_095437.jpg,1.1,5,0.3057
20260411_095437.jpg,1.2,6,0.2995
20260411_095437.jpg,1.3,4,0.3338
20260411_095437.jpg,1.4,3,0.3498
20260411_095437.jpg,1.5,4,0.312
20260411_095437.jpg,0.1,0,0.0
20260411_095437.jpg,0.2,0,0.0
20260411_095437.jpg,0.3,0,0.0
20260411_095437.jpg,0.4,0,0.0
20260411_095437.jpg,0.5,1,0.2901
20260411_095437.jpg,0.6,1,0.3241
20260411_095437.jpg,0.7,1,0.369
20260411_095437.jpg,0.8,2,0.3339
20260411_095437.jpg,0.9,3,0.3205
20260411_095437.jpg,1.0,4,0.3042
20260411_095437.jpg,1.1,5,0.3057
20260411_095437.jpg,1.2,6,0.2995
20260411_095437.jpg,1.3,4,0.3338
20260411_095437.jpg,1.4,3,0.3498
20260411_095437.jpg,1.5,4,0.312
20260411_095445.jpg,0.1,0,0.0
20260411_095445.jpg,0.2,0,0.0
20260411_095445.jpg,0.3,0,0.0
20260411_095445.jpg,0.4,0,0.0
20260411_095445.jpg,0.5,0,0.0
20260411_095445.jpg,0.6,0,0.0
20260411_095445.jpg,0.7,0,0.0
20260411_095445.jpg,0.8,0,0.0
20260411_095445.jpg,0.9,0,0.0
20260411_095445.jpg,1.0,0,0.0
20260411_095445.jpg,1.1,0,0.0
20260411_095445.jpg,1.2,0,0.0
20260411_095445.jpg,1.3,0,0.0
20260411_095445.jpg,1.4,0,0.0
20260411_095445.jpg,1.5,2,0.2914
20260411_095445.jpg,0.1,0,0.0
20260411_095445.jpg,0.2,0,0.0
20260411_095445.jpg,0.3,0,0.0
20260411_095445.jpg,0.4,0,0.0
20260411_095445.jpg,0.5,0,0.0
20260411_095445.jpg,0.6,0,0.0
20260411_095445.jpg,0.7,0,0.0
20260411_095445.jpg,0.8,0,0.0
20260411_095445.jpg,0.9,0,0.0
20260411_095445.jpg,1.0,0,0.0
20260411_095445.jpg,1.1,0,0.0
20260411_095445.jpg,1.2,0,0.0
20260411_095445.jpg,1.3,0,0.0
20260411_095445.jpg,1.4,0,0.0
20260411_095445.jpg,1.5,2,0.2914
20260411_095448.jpg,0.1,0,0.0
20260411_095448.jpg,0.2,3,0.3004
20260411_095448.jpg,0.3,3,0.3697
20260411_095448.jpg,0.4,4,0.3779
20260411_095448.jpg,0.5,3,0.4263
20260411_095448.jpg,0.6,3,0.4309
20260411_095448.jpg,0.7,4,0.4066
20260411_095448.jpg,0.8,4,0.4084
20260411_095448.jpg,0.9,4,0.411
20260411_095448.jpg,1.0,5,0.3779
20260411_095448.jpg,1.1,4,0.4222
20260411_095448.jpg,1.2,4,0.4299
20260411_095448.jpg,1.3,5,0.3971
20260411_095448.jpg,1.4,5,0.4016
20260411_095448.jpg,1.5,5,0.4057
20260411_095448.jpg,0.1,0,0.0
20260411_095448.jpg,0.2,3,0.3004
20260411_095448.jpg,0.3,3,0.3697
20260411_095448.jpg,0.4,4,0.3779
20260411_095448.jpg,0.5,3,0.4263
20260411_095448.jpg,0.6,3,0.4309
20260411_095448.jpg,0.7,4,0.4066
20260411_095448.jpg,0.8,4,0.4084
20260411_095448.jpg,0.9,4,0.411
20260411_095448.jpg,1.0,5,0.3779
20260411_095448.jpg,1.1,4,0.4222
20260411_095448.jpg,1.2,4,0.4299
20260411_095448.jpg,1.3,5,0.3971
20260411_095448.jpg,1.4,5,0.4016
20260411_095448.jpg,1.5,5,0.4057
20260411_095448_resized.jpg,0.1,0,0.0
20260411_095448_resized.jpg,0.2,0,0.0
20260411_095448_resized.jpg,0.3,2,0.2819
20260411_095448_resized.jpg,0.4,2,0.3096
20260411_095448_resized.jpg,0.5,2,0.3102
20260411_095448_resized.jpg,0.6,2,0.3151
20260411_095448_resized.jpg,0.7,2,0.3128
20260411_095448_resized.jpg,0.8,2,0.3151
20260411_095448_resized.jpg,0.9,2,0.3173
20260411_095448_resized.jpg,1.0,2,0.3143
20260411_095448_resized.jpg,1.1,2,0.3135
20260411_095448_resized.jpg,1.2,3,0.3
20260411_095448_resized.jpg,1.3,3,0.3056
20260411_095448_resized.jpg,1.4,3,0.299
20260411_095448_resized.jpg,1.5,3,0.3031
20260411_095448_resized.jpg,0.1,0,0.0
20260411_095448_resized.jpg,0.2,0,0.0
20260411_095448_resized.jpg,0.3,2,0.2819
20260411_095448_resized.jpg,0.4,2,0.3096
20260411_095448_resized.jpg,0.5,2,0.3102
20260411_095448_resized.jpg,0.6,2,0.3151
20260411_095448_resized.jpg,0.7,2,0.3128
20260411_095448_resized.jpg,0.8,2,0.3151
20260411_095448_resized.jpg,0.9,2,0.3173
20260411_095448_resized.jpg,1.0,2,0.3143
20260411_095448_resized.jpg,1.1,2,0.3135
20260411_095448_resized.jpg,1.2,3,0.3
20260411_095448_resized.jpg,1.3,3,0.3056
20260411_095448_resized.jpg,1.4,3,0.299
20260411_095448_resized.jpg,1.5,3,0.3031
20260411_095511.jpg,0.1,0,0.0
20260411_095511.jpg,0.2,0,0.0
20260411_095511.jpg,0.3,0,0.0
20260411_095511.jpg,0.4,0,0.0
20260411_095511.jpg,0.5,0,0.0
20260411_095511.jpg,0.6,1,0.2519
20260411_095511.jpg,0.7,1,0.2673
20260411_095511.jpg,0.8,1,0.282
20260411_095511.jpg,0.9,1,0.2808
20260411_095511.jpg,1.0,1,0.2838
20260411_095511.jpg,1.1,1,0.2834
20260411_095511.jpg,1.2,1,0.2927
20260411_095511.jpg,1.3,1,0.3007
20260411_095511.jpg,1.4,2,0.2774
20260411_095511.jpg,1.5,2,0.3056
20260411_095511.jpg,0.1,0,0.0
20260411_095511.jpg,0.2,0,0.0
20260411_095511.jpg,0.3,0,0.0
20260411_095511.jpg,0.4,0,0.0
20260411_095511.jpg,0.5,0,0.0
20260411_095511.jpg,0.6,1,0.2519
20260411_095511.jpg,0.7,1,0.2673
20260411_095511.jpg,0.8,1,0.282
20260411_095511.jpg,0.9,1,0.2808
20260411_095511.jpg,1.0,1,0.2838
20260411_095511.jpg,1.1,1,0.2834
20260411_095511.jpg,1.2,1,0.2927
20260411_095511.jpg,1.3,1,0.3007
20260411_095511.jpg,1.4,2,0.2774
20260411_095511.jpg,1.5,2,0.3056
DSCN7611.JPG,0.1,5,0.4836
DSCN7611.JPG,0.2,4,0.61
DSCN7611.JPG,0.3,3,0.7184
DSCN7611.JPG,0.4,3,0.746
DSCN7611.JPG,0.5,3,0.7541
DSCN7611.JPG,0.6,3,0.7614
DSCN7611.JPG,0.7,3,0.7676
DSCN7611.JPG,0.8,3,0.7741
DSCN7611.JPG,0.9,3,0.7736
DSCN7611.JPG,1.0,3,0.7739
DSCN7611.JPG,1.1,3,0.7729
DSCN7611.JPG,1.2,3,0.7801
DSCN7611.JPG,1.3,3,0.781
DSCN7611.JPG,1.4,3,0.7744
DSCN7611.JPG,1.5,3,0.7617
DSCN7611.JPG,0.1,5,0.4836
DSCN7611.JPG,0.2,4,0.61
DSCN7611.JPG,0.3,3,0.7184
DSCN7611.JPG,0.4,3,0.746
DSCN7611.JPG,0.5,3,0.7541
DSCN7611.JPG,0.6,3,0.7614
DSCN7611.JPG,0.7,3,0.7676
DSCN7611.JPG,0.8,3,0.7741
DSCN7611.JPG,0.9,3,0.7736
DSCN7611.JPG,1.0,3,0.7739
DSCN7611.JPG,1.1,3,0.7729
DSCN7611.JPG,1.2,3,0.7801
DSCN7611.JPG,1.3,3,0.781
DSCN7611.JPG,1.4,3,0.7744
DSCN7611.JPG,1.5,3,0.7617
DSCN7612.JPG,0.1,4,0.6349
DSCN7612.JPG,0.2,3,0.8109
DSCN7612.JPG,0.3,4,0.6677
DSCN7612.JPG,0.4,4,0.7278
DSCN7612.JPG,0.5,4,0.7336
DSCN7612.JPG,0.6,4,0.7322
DSCN7612.JPG,0.7,4,0.7332
DSCN7612.JPG,0.8,4,0.7318
DSCN7612.JPG,0.9,4,0.7338
DSCN7612.JPG,1.0,4,0.7337
DSCN7612.JPG,1.1,4,0.735
DSCN7612.JPG,1.2,4,0.7317
DSCN7612.JPG,1.3,4,0.7263
DSCN7612.JPG,1.4,4,0.727
DSCN7612.JPG,1.5,4,0.7413
DSCN7612.JPG,0.1,4,0.6349
DSCN7612.JPG,0.2,3,0.8109
DSCN7612.JPG,0.3,4,0.6677
DSCN7612.JPG,0.4,4,0.7278
DSCN7612.JPG,0.5,4,0.7336
DSCN7612.JPG,0.6,4,0.7322
DSCN7612.JPG,0.7,4,0.7332
DSCN7612.JPG,0.8,4,0.7318
DSCN7612.JPG,0.9,4,0.7338
DSCN7612.JPG,1.0,4,0.7337
DSCN7612.JPG,1.1,4,0.735
DSCN7612.JPG,1.2,4,0.7317
DSCN7612.JPG,1.3,4,0.7263
DSCN7612.JPG,1.4,4,0.727
DSCN7612.JPG,1.5,4,0.7413
DSCN7613.JPG,0.1,4,0.5672
DSCN7613.JPG,0.2,4,0.597
DSCN7613.JPG,0.3,5,0.5281
DSCN7613.JPG,0.4,4,0.6096
DSCN7613.JPG,0.5,4,0.6127
DSCN7613.JPG,0.6,3,0.7408
DSCN7613.JPG,0.7,4,0.6462
DSCN7613.JPG,0.8,4,0.7102
DSCN7613.JPG,0.9,4,0.7217
DSCN7613.JPG,1.0,5,0.6441
DSCN7613.JPG,1.1,4,0.7583
DSCN7613.JPG,1.2,4,0.7588
DSCN7613.JPG,1.3,4,0.7604
DSCN7613.JPG,1.4,4,0.6817
DSCN7613.JPG,1.5,4,0.612
DSCN7613.JPG,0.1,4,0.5672
DSCN7613.JPG,0.2,4,0.597
DSCN7613.JPG,0.3,5,0.5281
DSCN7613.JPG,0.4,4,0.6096
DSCN7613.JPG,0.5,4,0.6127
DSCN7613.JPG,0.6,3,0.7408
DSCN7613.JPG,0.7,4,0.6462
DSCN7613.JPG,0.8,4,0.7102
DSCN7613.JPG,0.9,4,0.7217
DSCN7613.JPG,1.0,5,0.6441
DSCN7613.JPG,1.1,4,0.7583
DSCN7613.JPG,1.2,4,0.7588
DSCN7613.JPG,1.3,4,0.7604
DSCN7613.JPG,1.4,4,0.6817
DSCN7613.JPG,1.5,4,0.612
DSCN7614.JPG,0.1,1,0.4744
DSCN7614.JPG,0.2,3,0.5513
DSCN7614.JPG,0.3,2,0.7442
DSCN7614.JPG,0.4,2,0.7197
DSCN7614.JPG,0.5,2,0.662
DSCN7614.JPG,0.6,2,0.6055
DSCN7614.JPG,0.7,1,0.9441
DSCN7614.JPG,0.8,1,0.9427
DSCN7614.JPG,0.9,1,0.944
DSCN7614.JPG,1.0,1,0.9436
DSCN7614.JPG,1.1,1,0.944
DSCN7614.JPG,1.2,1,0.9397
DSCN7614.JPG,1.3,1,0.9381
DSCN7614.JPG,1.4,1,0.9364
DSCN7614.JPG,1.5,1,0.9336
DSCN7614.JPG,0.1,1,0.4744
DSCN7614.JPG,0.2,3,0.5513
DSCN7614.JPG,0.3,2,0.7442
DSCN7614.JPG,0.4,2,0.7197
DSCN7614.JPG,0.5,2,0.662
DSCN7614.JPG,0.6,2,0.6055
DSCN7614.JPG,0.7,1,0.9441
DSCN7614.JPG,0.8,1,0.9427
DSCN7614.JPG,0.9,1,0.944
DSCN7614.JPG,1.0,1,0.9436
DSCN7614.JPG,1.1,1,0.944
DSCN7614.JPG,1.2,1,0.9397
DSCN7614.JPG,1.3,1,0.9381
DSCN7614.JPG,1.4,1,0.9364
DSCN7614.JPG,1.5,1,0.9336
DSCN7615.JPG,0.1,4,0.4862
DSCN7615.JPG,0.2,3,0.5615
DSCN7615.JPG,0.3,4,0.5298
DSCN7615.JPG,0.4,5,0.5046
DSCN7615.JPG,0.5,4,0.5793
DSCN7615.JPG,0.6,4,0.59
DSCN7615.JPG,0.7,4,0.5817
DSCN7615.JPG,0.8,4,0.5774
DSCN7615.JPG,0.9,4,0.573
DSCN7615.JPG,1.0,4,0.5607
DSCN7615.JPG,1.1,4,0.5335
DSCN7615.JPG,1.2,4,0.5226
DSCN7615.JPG,1.3,4,0.5173
DSCN7615.JPG,1.4,4,0.5229
DSCN7615.JPG,1.5,4,0.5122
DSCN7615.JPG,0.1,4,0.4862
DSCN7615.JPG,0.2,3,0.5615
DSCN7615.JPG,0.3,4,0.5298
DSCN7615.JPG,0.4,5,0.5046
DSCN7615.JPG,0.5,4,0.5793
DSCN7615.JPG,0.6,4,0.59
DSCN7615.JPG,0.7,4,0.5817
DSCN7615.JPG,0.8,4,0.5774
DSCN7615.JPG,0.9,4,0.573
DSCN7615.JPG,1.0,4,0.5607
DSCN7615.JPG,1.1,4,0.5335
DSCN7615.JPG,1.2,4,0.5226
DSCN7615.JPG,1.3,4,0.5173
DSCN7615.JPG,1.4,4,0.5229
DSCN7615.JPG,1.5,4,0.5122
DSCN7621.JPG,0.1,6,0.5563
DSCN7621.JPG,0.2,8,0.5586
DSCN7621.JPG,0.3,8,0.5825
DSCN7621.JPG,0.4,11,0.5045
DSCN7621.JPG,0.5,10,0.539
DSCN7621.JPG,0.6,10,0.5793
DSCN7621.JPG,0.7,12,0.526
DSCN7621.JPG,0.8,12,0.5379
DSCN7621.JPG,0.9,13,0.5191
DSCN7621.JPG,1.0,13,0.5245
DSCN7621.JPG,1.1,12,0.5414
DSCN7621.JPG,1.2,13,0.5197
DSCN7621.JPG,1.3,11,0.5355
DSCN7621.JPG,1.4,11,0.5089
DSCN7621.JPG,1.5,7,0.5746
DSCN7621.JPG,0.1,6,0.5563
DSCN7621.JPG,0.2,8,0.5586
DSCN7621.JPG,0.3,8,0.5825
DSCN7621.JPG,0.4,11,0.5045
DSCN7621.JPG,0.5,10,0.539
DSCN7621.JPG,0.6,10,0.5793
DSCN7621.JPG,0.7,12,0.526
DSCN7621.JPG,0.8,12,0.5379
DSCN7621.JPG,0.9,13,0.5191
DSCN7621.JPG,1.0,13,0.5245
DSCN7621.JPG,1.1,12,0.5414
DSCN7621.JPG,1.2,13,0.5197
DSCN7621.JPG,1.3,11,0.5355
DSCN7621.JPG,1.4,11,0.5089
DSCN7621.JPG,1.5,7,0.5746
DSCN7622.JPG,0.1,4,0.6034
DSCN7622.JPG,0.2,8,0.6223
DSCN7622.JPG,0.3,7,0.7485
DSCN7622.JPG,0.4,7,0.7747
DSCN7622.JPG,0.5,7,0.785
DSCN7622.JPG,0.6,7,0.7853
DSCN7622.JPG,0.7,7,0.7833
DSCN7622.JPG,0.8,7,0.7803
DSCN7622.JPG,0.9,7,0.7507
DSCN7622.JPG,1.0,6,0.8078
DSCN7622.JPG,1.1,6,0.8057
DSCN7622.JPG,1.2,6,0.8151
DSCN7622.JPG,1.3,6,0.7919
DSCN7622.JPG,1.4,6,0.7648
DSCN7622.JPG,1.5,8,0.6051
DSCN7622.JPG,0.1,4,0.6034
DSCN7622.JPG,0.2,8,0.6223
DSCN7622.JPG,0.3,7,0.7485
DSCN7622.JPG,0.4,7,0.7747
DSCN7622.JPG,0.5,7,0.785
DSCN7622.JPG,0.6,7,0.7853
DSCN7622.JPG,0.7,7,0.7833
DSCN7622.JPG,0.8,7,0.7803
DSCN7622.JPG,0.9,7,0.7507
DSCN7622.JPG,1.0,6,0.8078
DSCN7622.JPG,1.1,6,0.8057
DSCN7622.JPG,1.2,6,0.8151
DSCN7622.JPG,1.3,6,0.7919
DSCN7622.JPG,1.4,6,0.7648
DSCN7622.JPG,1.5,8,0.6051
DSCN7623.JPG,0.1,18,0.6795
DSCN7623.JPG,0.2,18,0.7578
DSCN7623.JPG,0.3,18,0.757
DSCN7623.JPG,0.4,17,0.7863
DSCN7623.JPG,0.5,17,0.7823
DSCN7623.JPG,0.6,19,0.7488
DSCN7623.JPG,0.7,20,0.732
DSCN7623.JPG,0.8,20,0.7339
DSCN7623.JPG,0.9,21,0.7099
DSCN7623.JPG,1.0,22,0.6962
DSCN7623.JPG,1.1,22,0.6889
DSCN7623.JPG,1.2,21,0.6991
DSCN7623.JPG,1.3,23,0.6699
DSCN7623.JPG,1.4,22,0.6911
DSCN7623.JPG,1.5,21,0.6994
DSCN7623.JPG,0.1,18,0.6795
DSCN7623.JPG,0.2,18,0.7578
DSCN7623.JPG,0.3,18,0.757
DSCN7623.JPG,0.4,17,0.7863
DSCN7623.JPG,0.5,17,0.7823
DSCN7623.JPG,0.6,19,0.7488
DSCN7623.JPG,0.7,20,0.732
DSCN7623.JPG,0.8,20,0.7339
DSCN7623.JPG,0.9,21,0.7099
DSCN7623.JPG,1.0,22,0.6962
DSCN7623.JPG,1.1,22,0.6889
DSCN7623.JPG,1.2,21,0.6991
DSCN7623.JPG,1.3,23,0.6699
DSCN7623.JPG,1.4,22,0.6911
DSCN7623.JPG,1.5,21,0.6994
DSCN7624.JPG,0.1,4,0.568
DSCN7624.JPG,0.2,5,0.6793
DSCN7624.JPG,0.3,7,0.5818
DSCN7624.JPG,0.4,7,0.6057
DSCN7624.JPG,0.5,9,0.5513
DSCN7624.JPG,0.6,9,0.5585
DSCN7624.JPG,0.7,9,0.5689
DSCN7624.JPG,0.8,9,0.5752
DSCN7624.JPG,0.9,9,0.5795
DSCN7624.JPG,1.0,9,0.581
DSCN7624.JPG,1.1,9,0.5813
DSCN7624.JPG,1.2,9,0.5733
DSCN7624.JPG,1.3,10,0.5437
DSCN7624.JPG,1.4,10,0.5472
DSCN7624.JPG,1.5,9,0.5717
DSCN7624.JPG,0.1,4,0.568
DSCN7624.JPG,0.2,5,0.6793
DSCN7624.JPG,0.3,7,0.5818
DSCN7624.JPG,0.4,7,0.6057
DSCN7624.JPG,0.5,9,0.5513
DSCN7624.JPG,0.6,9,0.5585
DSCN7624.JPG,0.7,9,0.5689
DSCN7624.JPG,0.8,9,0.5752
DSCN7624.JPG,0.9,9,0.5795
DSCN7624.JPG,1.0,9,0.581
DSCN7624.JPG,1.1,9,0.5813
DSCN7624.JPG,1.2,9,0.5733
DSCN7624.JPG,1.3,10,0.5437
DSCN7624.JPG,1.4,10,0.5472
DSCN7624.JPG,1.5,9,0.5717
DSCN7625.JPG,0.1,14,0.6414
DSCN7625.JPG,0.2,16,0.6761
DSCN7625.JPG,0.3,16,0.6982
DSCN7625.JPG,0.4,17,0.6909
DSCN7625.JPG,0.5,18,0.6697
DSCN7625.JPG,0.6,17,0.6783
DSCN7625.JPG,0.7,18,0.6605
DSCN7625.JPG,0.8,18,0.6613
DSCN7625.JPG,0.9,19,0.6395
DSCN7625.JPG,1.0,18,0.6588
DSCN7625.JPG,1.1,18,0.6589
DSCN7625.JPG,1.2,18,0.6675
DSCN7625.JPG,1.3,16,0.7363
DSCN7625.JPG,1.4,16,0.7418
DSCN7625.JPG,1.5,15,0.7748
DSCN7625.JPG,0.1,14,0.6414
DSCN7625.JPG,0.2,16,0.6761
DSCN7625.JPG,0.3,16,0.6982
DSCN7625.JPG,0.4,17,0.6909
DSCN7625.JPG,0.5,18,0.6697
DSCN7625.JPG,0.6,17,0.6783
DSCN7625.JPG,0.7,18,0.6605
DSCN7625.JPG,0.8,18,0.6613
DSCN7625.JPG,0.9,19,0.6395
DSCN7625.JPG,1.0,18,0.6588
DSCN7625.JPG,1.1,18,0.6589
DSCN7625.JPG,1.2,18,0.6675
DSCN7625.JPG,1.3,16,0.7363
DSCN7625.JPG,1.4,16,0.7418
DSCN7625.JPG,1.5,15,0.7748
DSCN7626.JPG,0.1,0,0.0
DSCN7626.JPG,0.2,0,0.0
DSCN7626.JPG,0.3,0,0.0
DSCN7626.JPG,0.4,0,0.0
DSCN7626.JPG,0.5,0,0.0
DSCN7626.JPG,0.6,0,0.0
DSCN7626.JPG,0.7,0,0.0
DSCN7626.JPG,0.8,0,0.0
DSCN7626.JPG,0.9,0,0.0
DSCN7626.JPG,1.0,0,0.0
DSCN7626.JPG,1.1,0,0.0
DSCN7626.JPG,1.2,0,0.0
DSCN7626.JPG,1.3,0,0.0
DSCN7626.JPG,1.4,0,0.0
DSCN7626.JPG,1.5,0,0.0
DSCN7626.JPG,0.1,0,0.0
DSCN7626.JPG,0.2,0,0.0
DSCN7626.JPG,0.3,0,0.0
DSCN7626.JPG,0.4,0,0.0
DSCN7626.JPG,0.5,0,0.0
DSCN7626.JPG,0.6,0,0.0
DSCN7626.JPG,0.7,0,0.0
DSCN7626.JPG,0.8,0,0.0
DSCN7626.JPG,0.9,0,0.0
DSCN7626.JPG,1.0,0,0.0
DSCN7626.JPG,1.1,0,0.0
DSCN7626.JPG,1.2,0,0.0
DSCN7626.JPG,1.3,0,0.0
DSCN7626.JPG,1.4,0,0.0
DSCN7626.JPG,1.5,0,0.0
DSCN7627.JPG,0.1,23,0.6968
DSCN7627.JPG,0.2,22,0.7862
DSCN7627.JPG,0.3,22,0.7871
DSCN7627.JPG,0.4,22,0.789
DSCN7627.JPG,0.5,22,0.7919
DSCN7627.JPG,0.6,22,0.7937
DSCN7627.JPG,0.7,23,0.7693
DSCN7627.JPG,0.8,23,0.773
DSCN7627.JPG,0.9,24,0.7594
DSCN7627.JPG,1.0,24,0.7577
DSCN7627.JPG,1.1,24,0.756
DSCN7627.JPG,1.2,24,0.7512
DSCN7627.JPG,1.3,24,0.7507
DSCN7627.JPG,1.4,24,0.7514
DSCN7627.JPG,1.5,26,0.7001
DSCN7627.JPG,0.1,23,0.6968
DSCN7627.JPG,0.2,22,0.7862
DSCN7627.JPG,0.3,22,0.7871
DSCN7627.JPG,0.4,22,0.789
DSCN7627.JPG,0.5,22,0.7919
DSCN7627.JPG,0.6,22,0.7937
DSCN7627.JPG,0.7,23,0.7693
DSCN7627.JPG,0.8,23,0.773
DSCN7627.JPG,0.9,24,0.7594
DSCN7627.JPG,1.0,24,0.7577
DSCN7627.JPG,1.1,24,0.756
DSCN7627.JPG,1.2,24,0.7512
DSCN7627.JPG,1.3,24,0.7507
DSCN7627.JPG,1.4,24,0.7514
DSCN7627.JPG,1.5,26,0.7001
imagem_web_1.jpeg,0.1,65,0.6376
imagem_web_1.jpeg,0.2,61,0.6574
imagem_web_1.jpeg,0.3,59,0.6676
imagem_web_1.jpeg,0.4,60,0.661
imagem_web_1.jpeg,0.5,60,0.6594
imagem_web_1.jpeg,0.6,59,0.6666
imagem_web_1.jpeg,0.7,59,0.666
imagem_web_1.jpeg,0.8,58,0.6689
imagem_web_1.jpeg,0.9,59,0.6624
imagem_web_1.jpeg,1.0,59,0.663
imagem_web_1.jpeg,1.1,59,0.6596
imagem_web_1.jpeg,1.2,61,0.6506
imagem_web_1.jpeg,1.3,62,0.645
imagem_web_1.jpeg,1.4,60,0.6544
imagem_web_1.jpeg,1.5,61,0.646
imagem_web_1.jpeg,0.1,65,0.6376
imagem_web_1.jpeg,0.2,61,0.6574
imagem_web_1.jpeg,0.3,59,0.6676
imagem_web_1.jpeg,0.4,60,0.661
imagem_web_1.jpeg,0.5,60,0.6594
imagem_web_1.jpeg,0.6,59,0.6666
imagem_web_1.jpeg,0.7,59,0.666
imagem_web_1.jpeg,0.8,58,0.6689
imagem_web_1.jpeg,0.9,59,0.6624
imagem_web_1.jpeg,1.0,59,0.663
imagem_web_1.jpeg,1.1,59,0.6596
imagem_web_1.jpeg,1.2,61,0.6506
imagem_web_1.jpeg,1.3,62,0.645
imagem_web_1.jpeg,1.4,60,0.6544
imagem_web_1.jpeg,1.5,61,0.646
imagem_web_10.jpg,0.1,3,0.8784
imagem_web_10.jpg,0.2,3,0.878
imagem_web_10.jpg,0.3,3,0.8808
imagem_web_10.jpg,0.4,3,0.876
imagem_web_10.jpg,0.5,3,0.8753
imagem_web_10.jpg,0.6,4,0.7242
imagem_web_10.jpg,0.7,3,0.8717
imagem_web_10.jpg,0.8,3,0.8719
imagem_web_10.jpg,0.9,3,0.8707
imagem_web_10.jpg,1.0,3,0.8692
imagem_web_10.jpg,1.1,3,0.8642
imagem_web_10.jpg,1.2,2,0.8424
imagem_web_10.jpg,1.3,3,0.8653
imagem_web_10.jpg,1.4,3,0.866
imagem_web_10.jpg,1.5,2,0.8409
imagem_web_10.jpg,0.1,3,0.8784
imagem_web_10.jpg,0.2,3,0.878
imagem_web_10.jpg,0.3,3,0.8808
imagem_web_10.jpg,0.4,3,0.876
imagem_web_10.jpg,0.5,3,0.8753
imagem_web_10.jpg,0.6,4,0.7242
imagem_web_10.jpg,0.7,3,0.8717
imagem_web_10.jpg,0.8,3,0.8719
imagem_web_10.jpg,0.9,3,0.8707
imagem_web_10.jpg,1.0,3,0.8692
imagem_web_10.jpg,1.1,3,0.8642
imagem_web_10.jpg,1.2,2,0.8424
imagem_web_10.jpg,1.3,3,0.8653
imagem_web_10.jpg,1.4,3,0.866
imagem_web_10.jpg,1.5,2,0.8409
imagem_web_2.jpg,0.1,5,0.5129
imagem_web_2.jpg,0.2,4,0.828
imagem_web_2.jpg,0.3,4,0.8519
imagem_web_2.jpg,0.4,4,0.8674
imagem_web_2.jpg,0.5,4,0.8667
imagem_web_2.jpg,0.6,4,0.8705
imagem_web_2.jpg,0.7,4,0.8721
imagem_web_2.jpg,0.8,4,0.8765
imagem_web_2.jpg,0.9,4,0.8773
imagem_web_2.jpg,1.0,4,0.8777
imagem_web_2.jpg,1.1,4,0.8712
imagem_web_2.jpg,1.2,4,0.874
imagem_web_2.jpg,1.3,4,0.868
imagem_web_2.jpg,1.4,4,0.8423
imagem_web_2.jpg,1.5,4,0.8533
imagem_web_2.jpg,0.1,5,0.5129
imagem_web_2.jpg,0.2,4,0.828
imagem_web_2.jpg,0.3,4,0.8519
imagem_web_2.jpg,0.4,4,0.8674
imagem_web_2.jpg,0.5,4,0.8667
imagem_web_2.jpg,0.6,4,0.8705
imagem_web_2.jpg,0.7,4,0.8721
imagem_web_2.jpg,0.8,4,0.8765
imagem_web_2.jpg,0.9,4,0.8773
imagem_web_2.jpg,1.0,4,0.8777
imagem_web_2.jpg,1.1,4,0.8712
imagem_web_2.jpg,1.2,4,0.874
imagem_web_2.jpg,1.3,4,0.868
imagem_web_2.jpg,1.4,4,0.8423
imagem_web_2.jpg,1.5,4,0.8533
imagem_web_3.jpg,0.1,11,0.6534
imagem_web_3.jpg,0.2,11,0.6258
imagem_web_3.jpg,0.3,9,0.6339
imagem_web_3.jpg,0.4,8,0.6884
imagem_web_3.jpg,0.5,8,0.6959
imagem_web_3.jpg,0.6,8,0.6984
imagem_web_3.jpg,0.7,8,0.6955
imagem_web_3.jpg,0.8,9,0.6449
imagem_web_3.jpg,0.9,8,0.6964
imagem_web_3.jpg,1.0,8,0.6928
imagem_web_3.jpg,1.1,8,0.6976
imagem_web_3.jpg,1.2,8,0.6989
imagem_web_3.jpg,1.3,7,0.7614
imagem_web_3.jpg,1.4,7,0.7471
imagem_web_3.jpg,1.5,7,0.7381
imagem_web_3.jpg,0.1,11,0.6534
imagem_web_3.jpg,0.2,11,0.6258
imagem_web_3.jpg,0.3,9,0.6339
imagem_web_3.jpg,0.4,8,0.6884
imagem_web_3.jpg,0.5,8,0.6959
imagem_web_3.jpg,0.6,8,0.6984
imagem_web_3.jpg,0.7,8,0.6955
imagem_web_3.jpg,0.8,9,0.6449
imagem_web_3.jpg,0.9,8,0.6964
imagem_web_3.jpg,1.0,8,0.6928
imagem_web_3.jpg,1.1,8,0.6976
imagem_web_3.jpg,1.2,8,0.6989
imagem_web_3.jpg,1.3,7,0.7614
imagem_web_3.jpg,1.4,7,0.7471
imagem_web_3.jpg,1.5,7,0.7381
imagem_web_4.jpg,0.1,9,0.6259
imagem_web_4.jpg,0.2,9,0.6303
imagem_web_4.jpg,0.3,9,0.6291
imagem_web_4.jpg,0.4,10,0.622
imagem_web_4.jpg,0.5,11,0.6037
imagem_web_4.jpg,0.6,11,0.6166
imagem_web_4.jpg,0.7,11,0.6159
imagem_web_4.jpg,0.8,11,0.601
imagem_web_4.jpg,0.9,11,0.6083
imagem_web_4.jpg,1.0,11,0.6091
imagem_web_4.jpg,1.1,10,0.632
imagem_web_4.jpg,1.2,11,0.5948
imagem_web_4.jpg,1.3,10,0.6284
imagem_web_4.jpg,1.4,10,0.6242
imagem_web_4.jpg,1.5,10,0.6085
imagem_web_4.jpg,0.1,9,0.6259
imagem_web_4.jpg,0.2,9,0.6303
imagem_web_4.jpg,0.3,9,0.6291
imagem_web_4.jpg,0.4,10,0.622
imagem_web_4.jpg,0.5,11,0.6037
imagem_web_4.jpg,0.6,11,0.6166
imagem_web_4.jpg,0.7,11,0.6159
imagem_web_4.jpg,0.8,11,0.601
imagem_web_4.jpg,0.9,11,0.6083
imagem_web_4.jpg,1.0,11,0.6091
imagem_web_4.jpg,1.1,10,0.632
imagem_web_4.jpg,1.2,11,0.5948
imagem_web_4.jpg,1.3,10,0.6284
imagem_web_4.jpg,1.4,10,0.6242
imagem_web_4.jpg,1.5,10,0.6085
imagem_web_5.jpg,0.1,2,0.8847
imagem_web_5.jpg,0.2,2,0.9059
imagem_web_5.jpg,0.3,2,0.9069
imagem_web_5.jpg,0.4,2,0.9097
imagem_web_5.jpg,0.5,2,0.9093
imagem_web_5.jpg,0.6,2,0.9068
imagem_web_5.jpg,0.7,2,0.9044
imagem_web_5.jpg,0.8,2,0.9006
imagem_web_5.jpg,0.9,2,0.898
imagem_web_5.jpg,1.0,2,0.8949
imagem_web_5.jpg,1.1,2,0.8791
imagem_web_5.jpg,1.2,2,0.8637
imagem_web_5.jpg,1.3,2,0.8631
imagem_web_5.jpg,1.4,2,0.8642
imagem_web_5.jpg,1.5,2,0.8697
imagem_web_5.jpg,0.1,2,0.8847
imagem_web_5.jpg,0.2,2,0.9059
imagem_web_5.jpg,0.3,2,0.9069
imagem_web_5.jpg,0.4,2,0.9097
imagem_web_5.jpg,0.5,2,0.9093
imagem_web_5.jpg,0.6,2,0.9068
imagem_web_5.jpg,0.7,2,0.9044
imagem_web_5.jpg,0.8,2,0.9006
imagem_web_5.jpg,0.9,2,0.898
imagem_web_5.jpg,1.0,2,0.8949
imagem_web_5.jpg,1.1,2,0.8791
imagem_web_5.jpg,1.2,2,0.8637
imagem_web_5.jpg,1.3,2,0.8631
imagem_web_5.jpg,1.4,2,0.8642
imagem_web_5.jpg,1.5,2,0.8697
imagem_web_6.jpeg,0.1,0,0.0
imagem_web_6.jpeg,0.2,0,0.0
imagem_web_6.jpeg,0.3,0,0.0
imagem_web_6.jpeg,0.4,0,0.0
imagem_web_6.jpeg,0.5,0,0.0
imagem_web_6.jpeg,0.6,0,0.0
imagem_web_6.jpeg,0.7,0,0.0
imagem_web_6.jpeg,0.8,0,0.0
imagem_web_6.jpeg,0.9,0,0.0
imagem_web_6.jpeg,1.0,1,0.6899
imagem_web_6.jpeg,1.1,1,0.6884
imagem_web_6.jpeg,1.2,1,0.6883
imagem_web_6.jpeg,1.3,1,0.6844
imagem_web_6.jpeg,1.4,1,0.6773
imagem_web_6.jpeg,1.5,1,0.6666
imagem_web_6.jpeg,0.1,0,0.0
imagem_web_6.jpeg,0.2,0,0.0
imagem_web_6.jpeg,0.3,0,0.0
imagem_web_6.jpeg,0.4,0,0.0
imagem_web_6.jpeg,0.5,0,0.0
imagem_web_6.jpeg,0.6,0,0.0
imagem_web_6.jpeg,0.7,0,0.0
imagem_web_6.jpeg,0.8,0,0.0
imagem_web_6.jpeg,0.9,0,0.0
imagem_web_6.jpeg,1.0,1,0.6899
imagem_web_6.jpeg,1.1,1,0.6884
imagem_web_6.jpeg,1.2,1,0.6883
imagem_web_6.jpeg,1.3,1,0.6844
imagem_web_6.jpeg,1.4,1,0.6773
imagem_web_6.jpeg,1.5,1,0.6666
imagem_web_7.jpg,0.1,1,0.6907
imagem_web_7.jpg,0.2,1,0.6271
imagem_web_7.jpg,0.3,1,0.6319
imagem_web_7.jpg,0.4,1,0.5693
imagem_web_7.jpg,0.5,1,0.5402
imagem_web_7.jpg,0.6,1,0.5542
imagem_web_7.jpg,0.7,1,0.4977
imagem_web_7.jpg,0.8,1,0.5056
imagem_web_7.jpg,0.9,1,0.5188
imagem_web_7.jpg,1.0,1,0.5377
imagem_web_7.jpg,1.1,1,0.3648
imagem_web_7.jpg,1.2,1,0.3
imagem_web_7.jpg,1.3,1,0.3908
imagem_web_7.jpg,1.4,1,0.4207
imagem_web_7.jpg,1.5,1,0.5086
imagem_web_7.jpg,0.1,1,0.6907
imagem_web_7.jpg,0.2,1,0.6271
imagem_web_7.jpg,0.3,1,0.6319
imagem_web_7.jpg,0.4,1,0.5693
imagem_web_7.jpg,0.5,1,0.5402
imagem_web_7.jpg,0.6,1,0.5542
imagem_web_7.jpg,0.7,1,0.4977
imagem_web_7.jpg,0.8,1,0.5056
imagem_web_7.jpg,0.9,1,0.5188
imagem_web_7.jpg,1.0,1,0.5377
imagem_web_7.jpg,1.1,1,0.3648
imagem_web_7.jpg,1.2,1,0.3
imagem_web_7.jpg,1.3,1,0.3908
imagem_web_7.jpg,1.4,1,0.4207
imagem_web_7.jpg,1.5,1,0.5086
imagem_web_8.jpg,0.1,7,0.7583
imagem_web_8.jpg,0.2,7,0.7738
imagem_web_8.jpg,0.3,7,0.7625
imagem_web_8.jpg,0.4,6,0.7382
imagem_web_8.jpg,0.5,6,0.7284
imagem_web_8.jpg,0.6,6,0.7242
imagem_web_8.jpg,0.7,6,0.7183
imagem_web_8.jpg,0.8,6,0.7169
imagem_web_8.jpg,0.9,6,0.713
imagem_web_8.jpg,1.0,6,0.7146
imagem_web_8.jpg,1.1,6,0.7122
imagem_web_8.jpg,1.2,6,0.7195
imagem_web_8.jpg,1.3,8,0.6983
imagem_web_8.jpg,1.4,8,0.6962
imagem_web_8.jpg,1.5,9,0.6391
imagem_web_8.jpg,0.1,7,0.7583
imagem_web_8.jpg,0.2,7,0.7738
imagem_web_8.jpg,0.3,7,0.7625
imagem_web_8.jpg,0.4,6,0.7382
imagem_web_8.jpg,0.5,6,0.7284
imagem_web_8.jpg,0.6,6,0.7242
imagem_web_8.jpg,0.7,6,0.7183
imagem_web_8.jpg,0.8,6,0.7169
imagem_web_8.jpg,0.9,6,0.713
imagem_web_8.jpg,1.0,6,0.7146
imagem_web_8.jpg,1.1,6,0.7122
imagem_web_8.jpg,1.2,6,0.7195
imagem_web_8.jpg,1.3,8,0.6983
imagem_web_8.jpg,1.4,8,0.6962
imagem_web_8.jpg,1.5,9,0.6391
imagem_web_9.jpg,0.1,0,0.0
imagem_web_9.jpg,0.2,0,0.0
imagem_web_9.jpg,0.3,0,0.0
imagem_web_9.jpg,0.4,0,0.0
imagem_web_9.jpg,0.5,0,0.0
imagem_web_9.jpg,0.6,0,0.0
imagem_web_9.jpg,0.7,0,0.0
imagem_web_9.jpg,0.8,0,0.0
imagem_web_9.jpg,0.9,0,0.0
imagem_web_9.jpg,1.0,0,0.0
imagem_web_9.jpg,1.1,0,0.0
imagem_web_9.jpg,1.2,0,0.0
imagem_web_9.jpg,1.3,0,0.0
imagem_web_9.jpg,1.4,0,0.0
imagem_web_9.jpg,1.5,0,0.0
imagem_web_9.jpg,0.1,0,0.0
imagem_web_9.jpg,0.2,0,0.0
imagem_web_9.jpg,0.3,0,0.0
imagem_web_9.jpg,0.4,0,0.0
imagem_web_9.jpg,0.5,0,0.0
imagem_web_9.jpg,0.6,0,0.0
imagem_web_9.jpg,0.7,0,0.0
imagem_web_9.jpg,0.8,0,0.0
imagem_web_9.jpg,0.9,0,0.0
imagem_web_9.jpg,1.0,0,0.0
imagem_web_9.jpg,1.1,0,0.0
imagem_web_9.jpg,1.2,0,0.0
imagem_web_9.jpg,1.3,0,0.0
imagem_web_9.jpg,1.4,0,0.0
imagem_web_9.jpg,1.5,0,0.0
